<?xml version="1.0" encoding="utf-8"?>
<!--/7765891/362250/2.47/4/4/Crystal or Oscillator/-->
<quadcept_library>
  <setting unit="mil" />
  <textstyle name="Default" height="47.244094488189" strokewidth="7.8740157480315" charwidth="47.244094488189" />
  <textstyle name="Dimension" height="19.6850393700787" strokewidth="0" charwidth="19.6850393700787" />
  <textstyle name="H127W0635TH00762" height="50" strokewidth="3" charwidth="25" />
  <textstyle name="H15W15TH02" height="59.0551181102362" strokewidth="7.8740157480315" charwidth="59.0551181102362" />
  <padstyle name="r140_120" surface="True" plated="False" isvia="False" nopaste="False" nomask="True" complex="False" holesize="0">
    <padshape layer="TOP" shape="rectangle" width="47.244094488188" height="55.11811023622" />
    <padshape layer="TOP_SOLDER_PASTE" shape="rectangle" width="47.244094488188" height="55.11811023622" />
  </padstyle>
  <footprint name="YSX321SL" originx="0" originy="0" pickpointx="0" pickpointy="0">
    <pcbpin number="1" name="1" style="r140_120" originx="-43.307086614173" originy="-33.464566929133" rotation="90" />
    <pcbpin number="2" name="2" style="r140_120" originx="43.307086614173" originy="-33.464566929133" rotation="90" />
    <pcbpin number="3" name="3" style="r140_120" originx="43.307086614173" originy="33.464566929133" rotation="90" />
    <pcbpin number="4" name="4" style="r140_120" originx="-43.307086614173" originy="33.464566929133" rotation="90" />
    <line layer="TOP_ASSEMBLY" originx="-62.992125984251" originy="49.212598425196" endx="62.992125984251" endy="49.212598425196" width="7.8740157480314" />
    <line layer="TOP_ASSEMBLY" originx="62.992125984251" originy="49.212598425196" endx="62.992125984251" endy="-49.212598425196" width="7.8740157480314" />
    <line layer="TOP_ASSEMBLY" originx="62.992125984251" originy="-49.212598425196" endx="-62.992125984251" endy="-49.212598425196" width="7.8740157480314" />
    <line layer="TOP_ASSEMBLY" originx="-62.992125984251" originy="-49.212598425196" endx="-62.992125984251" endy="49.212598425196" width="7.8740157480314" />
    <line layer="TOP_PLACE_BOUND" originx="-149.6062992126" originy="96.456692913385" endx="110.23622047244" endy="96.456692913385" width="3.9370078740157" />
    <line layer="TOP_PLACE_BOUND" originx="110.23622047244" originy="96.456692913385" endx="110.23622047244" endy="-96.456692913385" width="3.9370078740157" />
    <line layer="TOP_PLACE_BOUND" originx="110.23622047244" originy="-96.456692913385" endx="-149.6062992126" endy="-96.456692913385" width="3.9370078740157" />
    <line layer="TOP_PLACE_BOUND" originx="-149.6062992126" originy="-96.456692913385" endx="-149.6062992126" endy="96.456692913385" width="3.9370078740157" />
    <line layer="TOP_SILKSCREEN" originx="-110.23622047244" originy="-39.370078740157" endx="-110.23622047244" endy="-39.370078740157" width="7.8740157480314" />
    <arc layer="TOP_SILKSCREEN" originx="-106.29921259842" originy="-39.370078740157" startangle="180.0" sweepangle="180.0" radius="3.9370078740157" width="7.8740157480314" />
    <line layer="TOP_SILKSCREEN" originx="-102.36220472441" originy="-39.370078740157" endx="-102.36220472441" endy="-39.370078740157" width="7.8740157480314" />
    <arc layer="TOP_SILKSCREEN" originx="-106.29921259842" originy="-39.370078740157" startangle=".0" sweepangle="180.0" radius="3.9370078740157" width="7.8740157480314" />
  </footprint>
  <symbol name="YSX321SL" originx="0" originy="0">
    <line originx="200" originy="100" endx="1400" endy="100" width="10" />
    <line originx="1400" originy="-200" endx="1400" endy="100" width="10" />
    <line originx="1400" originy="-200" endx="200" endy="-200" width="10" />
    <line originx="200" originy="100" endx="200" endy="-200" width="10" />
    <sympin number="1" originx="200" originy="-100" rotation="180" length="100" width="7.8740157480315" flipped="False">
      <text name="pinname" originx="0" originy="0" style="Default" rotation="0" justify="left" flipped="False" hidden="False" data="CRYSTAL_1" />
      <text name="pindes" originx="0" originy="0" style="Default" rotation="0" justify="lowerright" flipped="False" hidden="False" data="1" />
    </sympin>
    <sympin number="2" originx="1400" originy="-100" rotation="0" length="100" width="7.8740157480315" flipped="False">
      <text name="pinname" originx="0" originy="0" style="Default" rotation="0" justify="left" flipped="False" hidden="False" data="GND_1" />
      <text name="pindes" originx="0" originy="0" style="Default" rotation="0" justify="lowerright" flipped="False" hidden="False" data="2" />
    </sympin>
    <sympin number="3" originx="1400" originy="0" rotation="0" length="100" width="7.8740157480315" flipped="False">
      <text name="pinname" originx="0" originy="0" style="Default" rotation="0" justify="left" flipped="False" hidden="False" data="CRYSTAL_2" />
      <text name="pindes" originx="0" originy="0" style="Default" rotation="0" justify="lowerright" flipped="False" hidden="False" data="3" />
    </sympin>
    <sympin number="4" originx="200" originy="0" rotation="180" length="100" width="7.8740157480315" flipped="False">
      <text name="pinname" originx="0" originy="0" style="Default" rotation="0" justify="left" flipped="False" hidden="False" data="GND_2" />
      <text name="pindes" originx="0" originy="0" style="Default" rotation="0" justify="lowerright" flipped="False" hidden="False" data="4" />
    </sympin>
  </symbol>
  <component name="YSX321SL" designatorprefix="Y" height="31.496062992126" footprint="YSX321SL">
    <comppin designator="1" sympin="1" pinswap="0" gateswap="0" gate="1" group="1" side="" type="Any" name="CRYSTAL_1" />
    <comppin designator="2" sympin="2" pinswap="0" gateswap="0" gate="1" group="1" side="" type="Any" name="GND_1" />
    <comppin designator="3" sympin="3" pinswap="0" gateswap="0" gate="1" group="1" side="" type="Any" name="CRYSTAL_2" />
    <comppin designator="4" sympin="4" pinswap="0" gateswap="0" gate="1" group="1" side="" type="Any" name="GND_2" />
    <attached_symbol gate="1" name="YSX321SL" />
    <pinmap designator="1" footprintpin="1" />
    <pinmap designator="2" footprintpin="2" />
    <pinmap designator="3" footprintpin="3" />
    <pinmap designator="4" footprintpin="4" />
    <text name="Datasheet" originx="0" originy="0" style="Default" rotation="0" justify="" flipped="False" hidden="True" data="https://datasheet.lcsc.com/szlcsc/YSX321SL-30MHZ-10PF-8PPM_C70576.pdf" />
    <text name="Description" originx="0" originy="0" style="Default" rotation="0" justify="" flipped="False" hidden="True" data="Crystal" />
    <text name="Manufacturer_Name" originx="0" originy="0" style="Default" rotation="0" justify="" flipped="False" hidden="True" data="YXC" />
    <text name="Manufacturer_Part_Number" originx="1450" originy="200" style="Default" rotation="0" justify="left" flipped="False" hidden="False" data="YSX321SL" />
    <text name="Arrow Part Number" originx="0" originy="0" style="Default" rotation="0" justify="" flipped="False" hidden="True" data="" />
    <text name="Arrow Price/Stock" originx="0" originy="0" style="Default" rotation="0" justify="" flipped="False" hidden="True" data="" />
    <text name="Mouser Part Number" originx="0" originy="0" style="Default" rotation="0" justify="" flipped="False" hidden="True" data="" />
    <text name="Mouser Price/Stock" originx="0" originy="0" style="Default" rotation="0" justify="" flipped="False" hidden="True" data="" />
  </component>
</quadcept_library>
